[
    {
        "actionName": "Action",
        "steps": [
            {
                "stepId": "STEP5",
                "stepName": "Custom Request: freetogame",
                "infFile": "t15.inf",
                "time": 1702572434880
            }
        ],
        "transactions": [
            {
                "transactionName": "GET_freetogame",
                "rawStartTime": 1702572433723,
                "rawEndTime": 1702572434891,
                "thinkTime": 0.0,
                "wastedTime": 0.08425593376159668
            }
        ]
    }
]