[
    {
        "actionName": "Action",
        "steps": [
            {
                "stepId": "STEP3",
                "stepName": "Custom Request: freetogame",
                "infFile": "t15.inf",
                "time": 1702572433158
            }
        ],
        "transactions": [
            {
                "transactionName": "GET_freetogame",
                "rawStartTime": 1702572432583,
                "rawEndTime": 1702572433164,
                "thinkTime": 0.0,
                "wastedTime": 0.06103205680847168
            }
        ]
    }
]