[
    {
        "actionName": "Action",
        "steps": [
            {
                "stepId": "STEP4",
                "stepName": "Custom Request: freetogame",
                "infFile": "t15.inf",
                "time": 1702572433664
            }
        ],
        "transactions": [
            {
                "transactionName": "GET_freetogame",
                "rawStartTime": 1702572433210,
                "rawEndTime": 1702572433677,
                "thinkTime": 0.0,
                "wastedTime": 0.04247450828552246
            }
        ]
    }
]