﻿<?xml version="1.0"?>
<!DOCTYPE Report
[
<!ELEMENT Report (General ,(Doc|BPT)) >
<!ATTLIST Report ver CDATA #REQUIRED tmZone CDATA #REQUIRED>

<!ELEMENT General ( DocLocation ) >
<!ATTLIST General productName CDATA #REQUIRED productVer CDATA #REQUIRED os CDATA #REQUIRED host CDATA #REQUIRED qcserver CDATA #IMPLIED qcproject CDATA #IMPLIED SolManSolutionId CDATA #IMPLIED SolManProjectId CDATA #IMPLIED SolManTestPlanId CDATA #IMPLIED SolManTestPackageId CDATA #IMPLIED SolManUserInfoData CDATA #IMPLIED  >

<!ELEMENT BPT (DName,Res,DVer?,TSet?,TInst?,NodeArgs,AdditionalInfo*,Doc*) >
<!ATTLIST BPT rID ID #REQUIRED >

<!ELEMENT Doc (DName,ConfName?,Res,DVer?,TSet?,TInst?,RunType?,DT?,AdditionalInfo*,Step*,DIter*,Step*,Action*,Doc*,Summary?,TestMaintenanceSummary*,NodeArgs?) >
<!ATTLIST Doc rID ID #REQUIRED type (Test|BC|BPTWrapperTest|Flow|Group|Action) "Test" productName CDATA #REQUIRED BCIter CDATA #IMPLIED >

<!ELEMENT RunType ( #PCDATA )>
<!ATTLIST RunType fmStep (False|True) "False" batch (False|True) "False" upDesc (False|True) "False" upChk (False|True) "False" upAS (False|True) "False">

<!ELEMENT DName ( #PCDATA ) >

<!ELEMENT ConfName ( #PCDATA ) >

<!ELEMENT Res ( #PCDATA ) >

<!ELEMENT AdditionalInfo (AdditionalDataName,AdditionalDataValue ) >

<!ELEMENT AdditionalDataName ( #PCDATA ) >

<!ELEMENT AdditionalDataValue ( #PCDATA ) >

<!ELEMENT DVer ( #PCDATA ) >

<!ELEMENT TSet ( #PCDATA ) >

<!ELEMENT TInst ( #PCDATA ) >

<!ELEMENT DIter (Step*,Action+,Summary?,NodeArgs)>
<!ATTLIST DIter rID ID #REQUIRED iterID CDATA #REQUIRED>

<!ELEMENT DocLocation ( #PCDATA )>

<!ELEMENT Action (AName,AIter*,(Step|HtmlStep|Action)*, Summary,ActionMaintenanceSummary*, NodeArgs ) >
<!ATTLIST Action rID ID #REQUIRED>

<!ELEMENT AIter ((Step|HtmlStep|Action)*,DataMapping?, Summary?,NodeArgs) >
<!ATTLIST AIter rID ID #REQUIRED iterID CDATA #REQUIRED isCountable (False|True) "False" >

<!ELEMENT AName ( #PCDATA ) >

<!ELEMENT TestMaintenanceSummary (ActionMaintenanceSummary*) >
<!ATTLIST TestMaintenanceSummary ObjectsAdded CDATA #REQUIRED ObjectsUpdated CDATA #REQUIRED StepsUpdated CDATA #REQUIRED StepsComments CDATA #REQUIRED><!ELEMENT ActionMaintenanceSummary (ObjectChange* ) >
<!ATTLIST ActionMaintenanceSummary Action CDATA #REQUIRED Objects CDATA #REQUIRED Updated CDATA #REQUIRED LinesTotal CDATA #REQUIRED Added CDATA #REQUIRED LinesUpdated CDATA #REQUIRED>

<!ELEMENT ObjectChange  (Hierarchy, PropertyChangeList* ) >
<!ATTLIST ObjectChange Operation CDATA #IMPLIED OriginalRepository CDATA #IMPLIED>

<!ELEMENT PropertyChangeList (PropertyDef*) >

<!ELEMENT PropertyDef (OriginalValue, NewValue) >
<!ATTLIST PropertyDef PropName CDATA #REQUIRED OriginRegularExpression (True|False) "False" NewRegularExpression (True|False) "False" AddedProperty (True|False) "False" >

<!ELEMENT OriginalValue ( #PCDATA )>

<!ELEMENT NewValue ( #PCDATA )>

<!ELEMENT Hierarchy  (ObjectName, Hierarchy*) >
<!ATTLIST Hierarchy MicClass CDATA #REQUIRED>

<!ELEMENT ObjectName  ( #PCDATA ) >

<!ELEMENT Step (Obj,Details,Time,TimeTick* ,(Step|HtmlStep|Doc)*, DataMapping?, NodeArgs) >
<!ATTLIST Step rID ID #REQUIRED retval CDATA #IMPLIED>

<!ELEMENT HtmlStep (HTML,TimeTick*,(Step|HtmlStep|Doc)*,NodeArgs) >
<!ATTLIST HtmlStep rID ID #REQUIRED >

<!ELEMENT Obj ( #PCDATA ) >
<!ATTLIST Obj plainTxt (False|True) "True">

<!ELEMENT Details ( #PCDATA ) >
<!ATTLIST Details plainTxt (False|True) "True">

<!ELEMENT Time ( #PCDATA ) >

<!ELEMENT HTML ( #PCDATA ) >

<!ELEMENT Disp ( #PCDATA ) >

<!ELEMENT TimeTick ( #PCDATA ) >

<!ELEMENT DataMapping ( DataMappedItem* )>
<!ELEMENT DataMappedItem EMPTY >
<!ATTLIST DataMappedItem dsName CDATA #REQUIRED >
<!ATTLIST DataMappedItem rowId CDATA #REQUIRED >

<!ELEMENT NodeArgs (Disp,TopPane?,BtmPane?,ExtendedInfo? )>
<!ATTLIST NodeArgs eType CDATA #REQUIRED icon CDATA #REQUIRED nRep CDATA #REQUIRED UserNote CDATA #IMPLIED filter (False|True) "True">
<!ATTLIST NodeArgs status (Passed|Failed|Done|Warning|Information) "Done">
<!ATTLIST NodeArgs iconSel CDATA #IMPLIED nType CDATA #IMPLIED MovieMarker CDATA "">
<!ATTLIST NodeArgs Source CDATA #IMPLIED SourceLine CDATA #IMPLIED StepFlowItemKey CDATA #IMPLIED >

<!ELEMENT TopPane (Path)>

<!ELEMENT BtmPane ( (Path|WR)?,ASHilite?)>
<!ATTLIST BtmPane vType CDATA "HTML">

<!ELEMENT Path ( #PCDATA ) >

<!ELEMENT ASHilite ( #PCDATA ) >

<!ELEMENT WR ( #PCDATA ) >

<!ELEMENT ExtendedInfo ( StepData ) >

<!ATTLIST ExtendedInfo StepType CDATA #REQUIRED>
<!ELEMENT DT (NodeArgs) >
<!ATTLIST DT rID ID #REQUIRED>

<!ELEMENT Summary (Param*)>
<!ATTLIST Summary sTime CDATA #IMPLIED eTime CDATA #IMPLIED passed CDATA #IMPLIED failed CDATA #IMPLIED warnings CDATA #IMPLIED retval CDATA #IMPLIED stopped (False|True) "False" >

<!ELEMENT Param (ParamName,ParamVal)+ >
<!ATTLIST Param paramInOut (In|Out) "In">

<!ELEMENT ParamName ( #PCDATA ) >

<!ELEMENT ParamVal ( #PCDATA ) >

]
>
<Report ver="2.0" tmZone="India Standard Time">
<General productName="Vugen" productVer="2021" os="" host="DESKTOP-51RPA8U"><DocLocation><![CDATA[C:\Users\ADMIN\OneDrive\Documents\VuGen\Scripts\WebHttpHtml67]]></DocLocation></General>
<Doc rID="T1"   productName= "Vugen"  >
<DName><![CDATA[WebHttpHtml67]]></DName>
<Res><![CDATA[result1]]></Res>
<Action rID="T2">
<AName><![CDATA[vuser_init]]></AName>
<Summary sTime="14-12-2023 - 22:17:10" eTime="14-12-2023 - 22:17:10" passed="0" failed="0" warnings="0" ></Summary>
<NodeArgs eType="StartAction" icon="2" nRep="5" >
<Disp><![CDATA[vuser_init Summary]]></Disp>
</NodeArgs>
</Action>
<DIter rID="T3" iterID="1" >
<Action rID="T4">
<AName><![CDATA[Action]]></AName>
<Step rID="T5">
<Obj plainTxt="False" ><![CDATA[Service: Reg Find]]></Obj>
<Details plainTxt="False" ><![CDATA[<CENTER><STRONG><FONT COLOR=#00AF00>Text/IC=status</FONT></STRONG></CENTER>]]></Details>
<Time><![CDATA[14-12-2023 - 22:17:10]]></Time>
<TimeTick>1702572430</TimeTick>
<NodeArgs eType="General" icon="4" nRep="9" >
<Disp><![CDATA[Service: Reg Find]]></Disp>
</NodeArgs>
</Step>
<Step rID="T6">
<Obj plainTxt="False" ><![CDATA[Service: Reg Save Param Json]]></Obj>
<Details plainTxt="False" ><![CDATA[<CENTER>ParamName = <STRONG><FONT COLOR=#00AF00>LR_id</FONT></STRONG><BR>QueryString = <STRONG><FONT COLOR=#00AF00>$.id</FONT></STRONG></CENTER>]]></Details>
<Time><![CDATA[14-12-2023 - 22:17:10]]></Time>
<TimeTick>1702572430</TimeTick>
<NodeArgs eType="General" icon="5" nRep="10" >
<Disp><![CDATA[Service: Reg Save Param Json]]></Disp>
</NodeArgs>
</Step>
<Step rID="T7">
<Obj plainTxt="False" ><![CDATA[Service: Reg Save Param Json]]></Obj>
<Details plainTxt="False" ><![CDATA[<CENTER>ParamName = <STRONG><FONT COLOR=#00AF00>LR_title</FONT></STRONG><BR>QueryString = <STRONG><FONT COLOR=#00AF00>$.title</FONT></STRONG></CENTER>]]></Details>
<Time><![CDATA[14-12-2023 - 22:17:10]]></Time>
<TimeTick>1702572430</TimeTick>
<NodeArgs eType="General" icon="5" nRep="11" >
<Disp><![CDATA[Service: Reg Save Param Json]]></Disp>
</NodeArgs>
</Step>
<Step rID="T8">
<Obj plainTxt="False" ><![CDATA[Service: Reg Save Param Json]]></Obj>
<Details plainTxt="False" ><![CDATA[<CENTER>ParamName = <STRONG><FONT COLOR=#00AF00>LR_thumbnail</FONT></STRONG><BR>QueryString = <STRONG><FONT COLOR=#00AF00>$.thumbnail</FONT></STRONG></CENTER>]]></Details>
<Time><![CDATA[14-12-2023 - 22:17:10]]></Time>
<TimeTick>1702572430</TimeTick>
<NodeArgs eType="General" icon="5" nRep="12" >
<Disp><![CDATA[Service: Reg Save Param Json]]></Disp>
</NodeArgs>
</Step>
<Step rID="T9">
<Obj plainTxt="False" ><![CDATA[Service: Reg Save Param Json]]></Obj>
<Details plainTxt="False" ><![CDATA[<CENTER>ParamName = <STRONG><FONT COLOR=#00AF00>LR_status</FONT></STRONG><BR>QueryString = <STRONG><FONT COLOR=#00AF00>$.status</FONT></STRONG></CENTER>]]></Details>
<Time><![CDATA[14-12-2023 - 22:17:10]]></Time>
<TimeTick>1702572430</TimeTick>
<NodeArgs eType="General" icon="5" nRep="13" >
<Disp><![CDATA[Service: Reg Save Param Json]]></Disp>
</NodeArgs>
</Step>
<Step rID="T10">
<Obj plainTxt="False" ><![CDATA[Service: Reg Save Param Json]]></Obj>
<Details plainTxt="False" ><![CDATA[<CENTER>ParamName = <STRONG><FONT COLOR=#00AF00>LR_short_description</FONT></STRONG><BR>QueryString = <STRONG><FONT COLOR=#00AF00>$.short_description</FONT></STRONG></CENTER>]]></Details>
<Time><![CDATA[14-12-2023 - 22:17:10]]></Time>
<TimeTick>1702572430</TimeTick>
<NodeArgs eType="General" icon="5" nRep="14" >
<Disp><![CDATA[Service: Reg Save Param Json]]></Disp>
</NodeArgs>
</Step>
<Step rID="T11">
<Obj plainTxt="False" ><![CDATA[Service: Reg Save Param Json]]></Obj>
<Details plainTxt="False" ><![CDATA[<CENTER>ParamName = <STRONG><FONT COLOR=#00AF00>LR_description</FONT></STRONG><BR>QueryString = <STRONG><FONT COLOR=#00AF00>$.description</FONT></STRONG></CENTER>]]></Details>
<Time><![CDATA[14-12-2023 - 22:17:10]]></Time>
<TimeTick>1702572430</TimeTick>
<NodeArgs eType="General" icon="5" nRep="15" >
<Disp><![CDATA[Service: Reg Save Param Json]]></Disp>
</NodeArgs>
</Step>
<Step rID="T12">
<Obj plainTxt="False" ><![CDATA[Service: Reg Save Param Json]]></Obj>
<Details plainTxt="False" ><![CDATA[<CENTER>ParamName = <STRONG><FONT COLOR=#00AF00>LR_game_url</FONT></STRONG><BR>QueryString = <STRONG><FONT COLOR=#00AF00>$.game_url</FONT></STRONG></CENTER>]]></Details>
<Time><![CDATA[14-12-2023 - 22:17:10]]></Time>
<TimeTick>1702572430</TimeTick>
<NodeArgs eType="General" icon="5" nRep="16" >
<Disp><![CDATA[Service: Reg Save Param Json]]></Disp>
</NodeArgs>
</Step>
<Step rID="T13">
<Obj plainTxt="False" ><![CDATA[Service: Reg Save Param Json]]></Obj>
<Details plainTxt="False" ><![CDATA[<CENTER>ParamName = <STRONG><FONT COLOR=#00AF00>LR_genre</FONT></STRONG><BR>QueryString = <STRONG><FONT COLOR=#00AF00>$.genre</FONT></STRONG></CENTER>]]></Details>
<Time><![CDATA[14-12-2023 - 22:17:10]]></Time>
<TimeTick>1702572430</TimeTick>
<NodeArgs eType="General" icon="5" nRep="17" >
<Disp><![CDATA[Service: Reg Save Param Json]]></Disp>
</NodeArgs>
</Step>
<Step rID="T14">
<Obj plainTxt="False" ><![CDATA[Service: Reg Save Param Json]]></Obj>
<Details plainTxt="False" ><![CDATA[<CENTER>ParamName = <STRONG><FONT COLOR=#00AF00>LR_platform</FONT></STRONG><BR>QueryString = <STRONG><FONT COLOR=#00AF00>$.platform</FONT></STRONG></CENTER>]]></Details>
<Time><![CDATA[14-12-2023 - 22:17:10]]></Time>
<TimeTick>1702572430</TimeTick>
<NodeArgs eType="General" icon="5" nRep="18" >
<Disp><![CDATA[Service: Reg Save Param Json]]></Disp>
</NodeArgs>
</Step>
<Step rID="T15">
<Obj plainTxt="False" ><![CDATA[Service: Reg Save Param Json]]></Obj>
<Details plainTxt="False" ><![CDATA[<CENTER>ParamName = <STRONG><FONT COLOR=#00AF00>LR_publisher</FONT></STRONG><BR>QueryString = <STRONG><FONT COLOR=#00AF00>$.publisher</FONT></STRONG></CENTER>]]></Details>
<Time><![CDATA[14-12-2023 - 22:17:10]]></Time>
<TimeTick>1702572430</TimeTick>
<NodeArgs eType="General" icon="5" nRep="19" >
<Disp><![CDATA[Service: Reg Save Param Json]]></Disp>
</NodeArgs>
</Step>
<Step rID="T16">
<Obj plainTxt="False" ><![CDATA[Service: Reg Save Param Json]]></Obj>
<Details plainTxt="False" ><![CDATA[<CENTER>ParamName = <STRONG><FONT COLOR=#00AF00>LR_developer</FONT></STRONG><BR>QueryString = <STRONG><FONT COLOR=#00AF00>$.developer</FONT></STRONG></CENTER>]]></Details>
<Time><![CDATA[14-12-2023 - 22:17:10]]></Time>
<TimeTick>1702572430</TimeTick>
<NodeArgs eType="General" icon="5" nRep="20" >
<Disp><![CDATA[Service: Reg Save Param Json]]></Disp>
</NodeArgs>
</Step>
<Step rID="T17">
<Obj plainTxt="False" ><![CDATA[Service: Reg Save Param Json]]></Obj>
<Details plainTxt="False" ><![CDATA[<CENTER>ParamName = <STRONG><FONT COLOR=#00AF00>LR_release_date</FONT></STRONG><BR>QueryString = <STRONG><FONT COLOR=#00AF00>$.release_date</FONT></STRONG></CENTER>]]></Details>
<Time><![CDATA[14-12-2023 - 22:17:10]]></Time>
<TimeTick>1702572430</TimeTick>
<NodeArgs eType="General" icon="5" nRep="21" >
<Disp><![CDATA[Service: Reg Save Param Json]]></Disp>
</NodeArgs>
</Step>
<Step rID="T18">
<Obj plainTxt="False" ><![CDATA[Service: Reg Save Param Json]]></Obj>
<Details plainTxt="False" ><![CDATA[<CENTER>ParamName = <STRONG><FONT COLOR=#00AF00>LR_freetogame_profile_url</FONT></STRONG><BR>QueryString = <STRONG><FONT COLOR=#00AF00>$.freetogame_profile_url</FONT></STRONG></CENTER>]]></Details>
<Time><![CDATA[14-12-2023 - 22:17:10]]></Time>
<TimeTick>1702572430</TimeTick>
<NodeArgs eType="General" icon="5" nRep="22" >
<Disp><![CDATA[Service: Reg Save Param Json]]></Disp>
</NodeArgs>
</Step>
<Step rID="T19">
<Obj plainTxt="False" ><![CDATA[Service: Reg Save Param Json]]></Obj>
<Details plainTxt="False" ><![CDATA[<CENTER>ParamName = <STRONG><FONT COLOR=#00AF00>LR_screenshots</FONT></STRONG><BR>QueryString = <STRONG><FONT COLOR=#00AF00>$.screenshots</FONT></STRONG></CENTER>]]></Details>
<Time><![CDATA[14-12-2023 - 22:17:10]]></Time>
<TimeTick>1702572430</TimeTick>
<NodeArgs eType="General" icon="5" nRep="23" >
<Disp><![CDATA[Service: Reg Save Param Json]]></Disp>
</NodeArgs>
</Step>
<Step rID="T20">
<Obj plainTxt="False" ><![CDATA[Custom Request: freetogame]]></Obj>
<Details plainTxt="False" ><![CDATA[<CENTER><STRONG><FONT COLOR=#009A63>Step completed successfully</FONT></STRONG></CENTER>]]></Details>
<Time><![CDATA[14-12-2023 - 22:17:12]]></Time>
<TimeTick>1702572432</TimeTick>
<NodeArgs eType="General" icon="6" nRep="24" status="Passed" >
<Disp><![CDATA[Custom Request: freetogame]]></Disp>
<BtmPane vType="HTMLSNSH" >
<Path><![CDATA[\Iteration1\t15.inf]]></Path>
</BtmPane>
</NodeArgs>
</Step>
<Summary sTime="14-12-2023 - 22:17:10" eTime="14-12-2023 - 22:17:12" passed="1" failed="0" warnings="0" ></Summary>
<NodeArgs eType="StartAction" icon="2" nRep="8" status="Passed" >
<Disp><![CDATA[Action Summary]]></Disp>
</NodeArgs>
</Action>
<NodeArgs eType="StartIteration" icon="3" nRep="7" status="Passed" >
<Disp><![CDATA[WebHttpHtml67 Iteration 1 (Row 1)]]></Disp>
</NodeArgs>
</DIter>
<DIter rID="T21" iterID="2" >
<Action rID="T22">
<AName><![CDATA[Action]]></AName>
<Step rID="T23">
<Obj plainTxt="False" ><![CDATA[Service: Reg Find]]></Obj>
<Details plainTxt="False" ><![CDATA[<CENTER><STRONG><FONT COLOR=#00AF00>Text/IC=status</FONT></STRONG></CENTER>]]></Details>
<Time><![CDATA[14-12-2023 - 22:17:12]]></Time>
<TimeTick>1702572432</TimeTick>
<NodeArgs eType="General" icon="4" nRep="29" >
<Disp><![CDATA[Service: Reg Find]]></Disp>
</NodeArgs>
</Step>
<Step rID="T24">
<Obj plainTxt="False" ><![CDATA[Service: Reg Save Param Json]]></Obj>
<Details plainTxt="False" ><![CDATA[<CENTER>ParamName = <STRONG><FONT COLOR=#00AF00>LR_id</FONT></STRONG><BR>QueryString = <STRONG><FONT COLOR=#00AF00>$.id</FONT></STRONG></CENTER>]]></Details>
<Time><![CDATA[14-12-2023 - 22:17:12]]></Time>
<TimeTick>1702572432</TimeTick>
<NodeArgs eType="General" icon="5" nRep="30" >
<Disp><![CDATA[Service: Reg Save Param Json]]></Disp>
</NodeArgs>
</Step>
<Step rID="T25">
<Obj plainTxt="False" ><![CDATA[Service: Reg Save Param Json]]></Obj>
<Details plainTxt="False" ><![CDATA[<CENTER>ParamName = <STRONG><FONT COLOR=#00AF00>LR_title</FONT></STRONG><BR>QueryString = <STRONG><FONT COLOR=#00AF00>$.title</FONT></STRONG></CENTER>]]></Details>
<Time><![CDATA[14-12-2023 - 22:17:12]]></Time>
<TimeTick>1702572432</TimeTick>
<NodeArgs eType="General" icon="5" nRep="31" >
<Disp><![CDATA[Service: Reg Save Param Json]]></Disp>
</NodeArgs>
</Step>
<Step rID="T26">
<Obj plainTxt="False" ><![CDATA[Service: Reg Save Param Json]]></Obj>
<Details plainTxt="False" ><![CDATA[<CENTER>ParamName = <STRONG><FONT COLOR=#00AF00>LR_thumbnail</FONT></STRONG><BR>QueryString = <STRONG><FONT COLOR=#00AF00>$.thumbnail</FONT></STRONG></CENTER>]]></Details>
<Time><![CDATA[14-12-2023 - 22:17:12]]></Time>
<TimeTick>1702572432</TimeTick>
<NodeArgs eType="General" icon="5" nRep="32" >
<Disp><![CDATA[Service: Reg Save Param Json]]></Disp>
</NodeArgs>
</Step>
<Step rID="T27">
<Obj plainTxt="False" ><![CDATA[Service: Reg Save Param Json]]></Obj>
<Details plainTxt="False" ><![CDATA[<CENTER>ParamName = <STRONG><FONT COLOR=#00AF00>LR_status</FONT></STRONG><BR>QueryString = <STRONG><FONT COLOR=#00AF00>$.status</FONT></STRONG></CENTER>]]></Details>
<Time><![CDATA[14-12-2023 - 22:17:12]]></Time>
<TimeTick>1702572432</TimeTick>
<NodeArgs eType="General" icon="5" nRep="33" >
<Disp><![CDATA[Service: Reg Save Param Json]]></Disp>
</NodeArgs>
</Step>
<Step rID="T28">
<Obj plainTxt="False" ><![CDATA[Service: Reg Save Param Json]]></Obj>
<Details plainTxt="False" ><![CDATA[<CENTER>ParamName = <STRONG><FONT COLOR=#00AF00>LR_short_description</FONT></STRONG><BR>QueryString = <STRONG><FONT COLOR=#00AF00>$.short_description</FONT></STRONG></CENTER>]]></Details>
<Time><![CDATA[14-12-2023 - 22:17:12]]></Time>
<TimeTick>1702572432</TimeTick>
<NodeArgs eType="General" icon="5" nRep="34" >
<Disp><![CDATA[Service: Reg Save Param Json]]></Disp>
</NodeArgs>
</Step>
<Step rID="T29">
<Obj plainTxt="False" ><![CDATA[Service: Reg Save Param Json]]></Obj>
<Details plainTxt="False" ><![CDATA[<CENTER>ParamName = <STRONG><FONT COLOR=#00AF00>LR_description</FONT></STRONG><BR>QueryString = <STRONG><FONT COLOR=#00AF00>$.description</FONT></STRONG></CENTER>]]></Details>
<Time><![CDATA[14-12-2023 - 22:17:12]]></Time>
<TimeTick>1702572432</TimeTick>
<NodeArgs eType="General" icon="5" nRep="35" >
<Disp><![CDATA[Service: Reg Save Param Json]]></Disp>
</NodeArgs>
</Step>
<Step rID="T30">
<Obj plainTxt="False" ><![CDATA[Service: Reg Save Param Json]]></Obj>
<Details plainTxt="False" ><![CDATA[<CENTER>ParamName = <STRONG><FONT COLOR=#00AF00>LR_game_url</FONT></STRONG><BR>QueryString = <STRONG><FONT COLOR=#00AF00>$.game_url</FONT></STRONG></CENTER>]]></Details>
<Time><![CDATA[14-12-2023 - 22:17:12]]></Time>
<TimeTick>1702572432</TimeTick>
<NodeArgs eType="General" icon="5" nRep="36" >
<Disp><![CDATA[Service: Reg Save Param Json]]></Disp>
</NodeArgs>
</Step>
<Step rID="T31">
<Obj plainTxt="False" ><![CDATA[Service: Reg Save Param Json]]></Obj>
<Details plainTxt="False" ><![CDATA[<CENTER>ParamName = <STRONG><FONT COLOR=#00AF00>LR_genre</FONT></STRONG><BR>QueryString = <STRONG><FONT COLOR=#00AF00>$.genre</FONT></STRONG></CENTER>]]></Details>
<Time><![CDATA[14-12-2023 - 22:17:12]]></Time>
<TimeTick>1702572432</TimeTick>
<NodeArgs eType="General" icon="5" nRep="37" >
<Disp><![CDATA[Service: Reg Save Param Json]]></Disp>
</NodeArgs>
</Step>
<Step rID="T32">
<Obj plainTxt="False" ><![CDATA[Service: Reg Save Param Json]]></Obj>
<Details plainTxt="False" ><![CDATA[<CENTER>ParamName = <STRONG><FONT COLOR=#00AF00>LR_platform</FONT></STRONG><BR>QueryString = <STRONG><FONT COLOR=#00AF00>$.platform</FONT></STRONG></CENTER>]]></Details>
<Time><![CDATA[14-12-2023 - 22:17:12]]></Time>
<TimeTick>1702572432</TimeTick>
<NodeArgs eType="General" icon="5" nRep="38" >
<Disp><![CDATA[Service: Reg Save Param Json]]></Disp>
</NodeArgs>
</Step>
<Step rID="T33">
<Obj plainTxt="False" ><![CDATA[Service: Reg Save Param Json]]></Obj>
<Details plainTxt="False" ><![CDATA[<CENTER>ParamName = <STRONG><FONT COLOR=#00AF00>LR_publisher</FONT></STRONG><BR>QueryString = <STRONG><FONT COLOR=#00AF00>$.publisher</FONT></STRONG></CENTER>]]></Details>
<Time><![CDATA[14-12-2023 - 22:17:12]]></Time>
<TimeTick>1702572432</TimeTick>
<NodeArgs eType="General" icon="5" nRep="39" >
<Disp><![CDATA[Service: Reg Save Param Json]]></Disp>
</NodeArgs>
</Step>
<Step rID="T34">
<Obj plainTxt="False" ><![CDATA[Service: Reg Save Param Json]]></Obj>
<Details plainTxt="False" ><![CDATA[<CENTER>ParamName = <STRONG><FONT COLOR=#00AF00>LR_developer</FONT></STRONG><BR>QueryString = <STRONG><FONT COLOR=#00AF00>$.developer</FONT></STRONG></CENTER>]]></Details>
<Time><![CDATA[14-12-2023 - 22:17:12]]></Time>
<TimeTick>1702572432</TimeTick>
<NodeArgs eType="General" icon="5" nRep="40" >
<Disp><![CDATA[Service: Reg Save Param Json]]></Disp>
</NodeArgs>
</Step>
<Step rID="T35">
<Obj plainTxt="False" ><![CDATA[Service: Reg Save Param Json]]></Obj>
<Details plainTxt="False" ><![CDATA[<CENTER>ParamName = <STRONG><FONT COLOR=#00AF00>LR_release_date</FONT></STRONG><BR>QueryString = <STRONG><FONT COLOR=#00AF00>$.release_date</FONT></STRONG></CENTER>]]></Details>
<Time><![CDATA[14-12-2023 - 22:17:12]]></Time>
<TimeTick>1702572432</TimeTick>
<NodeArgs eType="General" icon="5" nRep="41" >
<Disp><![CDATA[Service: Reg Save Param Json]]></Disp>
</NodeArgs>
</Step>
<Step rID="T36">
<Obj plainTxt="False" ><![CDATA[Service: Reg Save Param Json]]></Obj>
<Details plainTxt="False" ><![CDATA[<CENTER>ParamName = <STRONG><FONT COLOR=#00AF00>LR_freetogame_profile_url</FONT></STRONG><BR>QueryString = <STRONG><FONT COLOR=#00AF00>$.freetogame_profile_url</FONT></STRONG></CENTER>]]></Details>
<Time><![CDATA[14-12-2023 - 22:17:12]]></Time>
<TimeTick>1702572432</TimeTick>
<NodeArgs eType="General" icon="5" nRep="42" >
<Disp><![CDATA[Service: Reg Save Param Json]]></Disp>
</NodeArgs>
</Step>
<Step rID="T37">
<Obj plainTxt="False" ><![CDATA[Service: Reg Save Param Json]]></Obj>
<Details plainTxt="False" ><![CDATA[<CENTER>ParamName = <STRONG><FONT COLOR=#00AF00>LR_screenshots</FONT></STRONG><BR>QueryString = <STRONG><FONT COLOR=#00AF00>$.screenshots</FONT></STRONG></CENTER>]]></Details>
<Time><![CDATA[14-12-2023 - 22:17:12]]></Time>
<TimeTick>1702572432</TimeTick>
<NodeArgs eType="General" icon="5" nRep="43" >
<Disp><![CDATA[Service: Reg Save Param Json]]></Disp>
</NodeArgs>
</Step>
<Step rID="T38">
<Obj plainTxt="False" ><![CDATA[Custom Request: freetogame]]></Obj>
<Details plainTxt="False" ><![CDATA[<CENTER><STRONG><FONT COLOR=#009A63>Step completed successfully</FONT></STRONG></CENTER>]]></Details>
<Time><![CDATA[14-12-2023 - 22:17:12]]></Time>
<TimeTick>1702572432</TimeTick>
<NodeArgs eType="General" icon="6" nRep="44" status="Passed" >
<Disp><![CDATA[Custom Request: freetogame]]></Disp>
<BtmPane vType="HTMLSNSH" >
<Path><![CDATA[\Iteration2\t15.inf]]></Path>
</BtmPane>
</NodeArgs>
</Step>
<Summary sTime="14-12-2023 - 22:17:12" eTime="14-12-2023 - 22:17:12" passed="1" failed="0" warnings="0" ></Summary>
<NodeArgs eType="StartAction" icon="2" nRep="28" status="Passed" >
<Disp><![CDATA[Action Summary]]></Disp>
</NodeArgs>
</Action>
<NodeArgs eType="StartIteration" icon="3" nRep="27" status="Passed" >
<Disp><![CDATA[WebHttpHtml67 Iteration 2 (Row 2)]]></Disp>
</NodeArgs>
</DIter>
<DIter rID="T39" iterID="3" >
<Action rID="T40">
<AName><![CDATA[Action]]></AName>
<Step rID="T41">
<Obj plainTxt="False" ><![CDATA[Service: Reg Find]]></Obj>
<Details plainTxt="False" ><![CDATA[<CENTER><STRONG><FONT COLOR=#00AF00>Text/IC=status</FONT></STRONG></CENTER>]]></Details>
<Time><![CDATA[14-12-2023 - 22:17:12]]></Time>
<TimeTick>1702572432</TimeTick>
<NodeArgs eType="General" icon="4" nRep="49" >
<Disp><![CDATA[Service: Reg Find]]></Disp>
</NodeArgs>
</Step>
<Step rID="T42">
<Obj plainTxt="False" ><![CDATA[Service: Reg Save Param Json]]></Obj>
<Details plainTxt="False" ><![CDATA[<CENTER>ParamName = <STRONG><FONT COLOR=#00AF00>LR_id</FONT></STRONG><BR>QueryString = <STRONG><FONT COLOR=#00AF00>$.id</FONT></STRONG></CENTER>]]></Details>
<Time><![CDATA[14-12-2023 - 22:17:12]]></Time>
<TimeTick>1702572432</TimeTick>
<NodeArgs eType="General" icon="5" nRep="50" >
<Disp><![CDATA[Service: Reg Save Param Json]]></Disp>
</NodeArgs>
</Step>
<Step rID="T43">
<Obj plainTxt="False" ><![CDATA[Service: Reg Save Param Json]]></Obj>
<Details plainTxt="False" ><![CDATA[<CENTER>ParamName = <STRONG><FONT COLOR=#00AF00>LR_title</FONT></STRONG><BR>QueryString = <STRONG><FONT COLOR=#00AF00>$.title</FONT></STRONG></CENTER>]]></Details>
<Time><![CDATA[14-12-2023 - 22:17:12]]></Time>
<TimeTick>1702572432</TimeTick>
<NodeArgs eType="General" icon="5" nRep="51" >
<Disp><![CDATA[Service: Reg Save Param Json]]></Disp>
</NodeArgs>
</Step>
<Step rID="T44">
<Obj plainTxt="False" ><![CDATA[Service: Reg Save Param Json]]></Obj>
<Details plainTxt="False" ><![CDATA[<CENTER>ParamName = <STRONG><FONT COLOR=#00AF00>LR_thumbnail</FONT></STRONG><BR>QueryString = <STRONG><FONT COLOR=#00AF00>$.thumbnail</FONT></STRONG></CENTER>]]></Details>
<Time><![CDATA[14-12-2023 - 22:17:12]]></Time>
<TimeTick>1702572432</TimeTick>
<NodeArgs eType="General" icon="5" nRep="52" >
<Disp><![CDATA[Service: Reg Save Param Json]]></Disp>
</NodeArgs>
</Step>
<Step rID="T45">
<Obj plainTxt="False" ><![CDATA[Service: Reg Save Param Json]]></Obj>
<Details plainTxt="False" ><![CDATA[<CENTER>ParamName = <STRONG><FONT COLOR=#00AF00>LR_status</FONT></STRONG><BR>QueryString = <STRONG><FONT COLOR=#00AF00>$.status</FONT></STRONG></CENTER>]]></Details>
<Time><![CDATA[14-12-2023 - 22:17:12]]></Time>
<TimeTick>1702572432</TimeTick>
<NodeArgs eType="General" icon="5" nRep="53" >
<Disp><![CDATA[Service: Reg Save Param Json]]></Disp>
</NodeArgs>
</Step>
<Step rID="T46">
<Obj plainTxt="False" ><![CDATA[Service: Reg Save Param Json]]></Obj>
<Details plainTxt="False" ><![CDATA[<CENTER>ParamName = <STRONG><FONT COLOR=#00AF00>LR_short_description</FONT></STRONG><BR>QueryString = <STRONG><FONT COLOR=#00AF00>$.short_description</FONT></STRONG></CENTER>]]></Details>
<Time><![CDATA[14-12-2023 - 22:17:12]]></Time>
<TimeTick>1702572432</TimeTick>
<NodeArgs eType="General" icon="5" nRep="54" >
<Disp><![CDATA[Service: Reg Save Param Json]]></Disp>
</NodeArgs>
</Step>
<Step rID="T47">
<Obj plainTxt="False" ><![CDATA[Service: Reg Save Param Json]]></Obj>
<Details plainTxt="False" ><![CDATA[<CENTER>ParamName = <STRONG><FONT COLOR=#00AF00>LR_description</FONT></STRONG><BR>QueryString = <STRONG><FONT COLOR=#00AF00>$.description</FONT></STRONG></CENTER>]]></Details>
<Time><![CDATA[14-12-2023 - 22:17:12]]></Time>
<TimeTick>1702572432</TimeTick>
<NodeArgs eType="General" icon="5" nRep="55" >
<Disp><![CDATA[Service: Reg Save Param Json]]></Disp>
</NodeArgs>
</Step>
<Step rID="T48">
<Obj plainTxt="False" ><![CDATA[Service: Reg Save Param Json]]></Obj>
<Details plainTxt="False" ><![CDATA[<CENTER>ParamName = <STRONG><FONT COLOR=#00AF00>LR_game_url</FONT></STRONG><BR>QueryString = <STRONG><FONT COLOR=#00AF00>$.game_url</FONT></STRONG></CENTER>]]></Details>
<Time><![CDATA[14-12-2023 - 22:17:12]]></Time>
<TimeTick>1702572432</TimeTick>
<NodeArgs eType="General" icon="5" nRep="56" >
<Disp><![CDATA[Service: Reg Save Param Json]]></Disp>
</NodeArgs>
</Step>
<Step rID="T49">
<Obj plainTxt="False" ><![CDATA[Service: Reg Save Param Json]]></Obj>
<Details plainTxt="False" ><![CDATA[<CENTER>ParamName = <STRONG><FONT COLOR=#00AF00>LR_genre</FONT></STRONG><BR>QueryString = <STRONG><FONT COLOR=#00AF00>$.genre</FONT></STRONG></CENTER>]]></Details>
<Time><![CDATA[14-12-2023 - 22:17:12]]></Time>
<TimeTick>1702572432</TimeTick>
<NodeArgs eType="General" icon="5" nRep="57" >
<Disp><![CDATA[Service: Reg Save Param Json]]></Disp>
</NodeArgs>
</Step>
<Step rID="T50">
<Obj plainTxt="False" ><![CDATA[Service: Reg Save Param Json]]></Obj>
<Details plainTxt="False" ><![CDATA[<CENTER>ParamName = <STRONG><FONT COLOR=#00AF00>LR_platform</FONT></STRONG><BR>QueryString = <STRONG><FONT COLOR=#00AF00>$.platform</FONT></STRONG></CENTER>]]></Details>
<Time><![CDATA[14-12-2023 - 22:17:12]]></Time>
<TimeTick>1702572432</TimeTick>
<NodeArgs eType="General" icon="5" nRep="58" >
<Disp><![CDATA[Service: Reg Save Param Json]]></Disp>
</NodeArgs>
</Step>
<Step rID="T51">
<Obj plainTxt="False" ><![CDATA[Service: Reg Save Param Json]]></Obj>
<Details plainTxt="False" ><![CDATA[<CENTER>ParamName = <STRONG><FONT COLOR=#00AF00>LR_publisher</FONT></STRONG><BR>QueryString = <STRONG><FONT COLOR=#00AF00>$.publisher</FONT></STRONG></CENTER>]]></Details>
<Time><![CDATA[14-12-2023 - 22:17:12]]></Time>
<TimeTick>1702572432</TimeTick>
<NodeArgs eType="General" icon="5" nRep="59" >
<Disp><![CDATA[Service: Reg Save Param Json]]></Disp>
</NodeArgs>
</Step>
<Step rID="T52">
<Obj plainTxt="False" ><![CDATA[Service: Reg Save Param Json]]></Obj>
<Details plainTxt="False" ><![CDATA[<CENTER>ParamName = <STRONG><FONT COLOR=#00AF00>LR_developer</FONT></STRONG><BR>QueryString = <STRONG><FONT COLOR=#00AF00>$.developer</FONT></STRONG></CENTER>]]></Details>
<Time><![CDATA[14-12-2023 - 22:17:12]]></Time>
<TimeTick>1702572432</TimeTick>
<NodeArgs eType="General" icon="5" nRep="60" >
<Disp><![CDATA[Service: Reg Save Param Json]]></Disp>
</NodeArgs>
</Step>
<Step rID="T53">
<Obj plainTxt="False" ><![CDATA[Service: Reg Save Param Json]]></Obj>
<Details plainTxt="False" ><![CDATA[<CENTER>ParamName = <STRONG><FONT COLOR=#00AF00>LR_release_date</FONT></STRONG><BR>QueryString = <STRONG><FONT COLOR=#00AF00>$.release_date</FONT></STRONG></CENTER>]]></Details>
<Time><![CDATA[14-12-2023 - 22:17:12]]></Time>
<TimeTick>1702572432</TimeTick>
<NodeArgs eType="General" icon="5" nRep="61" >
<Disp><![CDATA[Service: Reg Save Param Json]]></Disp>
</NodeArgs>
</Step>
<Step rID="T54">
<Obj plainTxt="False" ><![CDATA[Service: Reg Save Param Json]]></Obj>
<Details plainTxt="False" ><![CDATA[<CENTER>ParamName = <STRONG><FONT COLOR=#00AF00>LR_freetogame_profile_url</FONT></STRONG><BR>QueryString = <STRONG><FONT COLOR=#00AF00>$.freetogame_profile_url</FONT></STRONG></CENTER>]]></Details>
<Time><![CDATA[14-12-2023 - 22:17:12]]></Time>
<TimeTick>1702572432</TimeTick>
<NodeArgs eType="General" icon="5" nRep="62" >
<Disp><![CDATA[Service: Reg Save Param Json]]></Disp>
</NodeArgs>
</Step>
<Step rID="T55">
<Obj plainTxt="False" ><![CDATA[Service: Reg Save Param Json]]></Obj>
<Details plainTxt="False" ><![CDATA[<CENTER>ParamName = <STRONG><FONT COLOR=#00AF00>LR_screenshots</FONT></STRONG><BR>QueryString = <STRONG><FONT COLOR=#00AF00>$.screenshots</FONT></STRONG></CENTER>]]></Details>
<Time><![CDATA[14-12-2023 - 22:17:12]]></Time>
<TimeTick>1702572432</TimeTick>
<NodeArgs eType="General" icon="5" nRep="63" >
<Disp><![CDATA[Service: Reg Save Param Json]]></Disp>
</NodeArgs>
</Step>
<Step rID="T56">
<Obj plainTxt="False" ><![CDATA[Custom Request: freetogame]]></Obj>
<Details plainTxt="False" ><![CDATA[<CENTER><STRONG><FONT COLOR=#009A63>Step completed successfully</FONT></STRONG></CENTER>]]></Details>
<Time><![CDATA[14-12-2023 - 22:17:13]]></Time>
<TimeTick>1702572433</TimeTick>
<NodeArgs eType="General" icon="6" nRep="64" status="Passed" >
<Disp><![CDATA[Custom Request: freetogame]]></Disp>
<BtmPane vType="HTMLSNSH" >
<Path><![CDATA[\Iteration3\t15.inf]]></Path>
</BtmPane>
</NodeArgs>
</Step>
<Summary sTime="14-12-2023 - 22:17:12" eTime="14-12-2023 - 22:17:13" passed="1" failed="0" warnings="0" ></Summary>
<NodeArgs eType="StartAction" icon="2" nRep="48" status="Passed" >
<Disp><![CDATA[Action Summary]]></Disp>
</NodeArgs>
</Action>
<NodeArgs eType="StartIteration" icon="3" nRep="47" status="Passed" >
<Disp><![CDATA[WebHttpHtml67 Iteration 3 (Row 3)]]></Disp>
</NodeArgs>
</DIter>
<DIter rID="T57" iterID="4" >
<Action rID="T58">
<AName><![CDATA[Action]]></AName>
<Step rID="T59">
<Obj plainTxt="False" ><![CDATA[Service: Reg Find]]></Obj>
<Details plainTxt="False" ><![CDATA[<CENTER><STRONG><FONT COLOR=#00AF00>Text/IC=status</FONT></STRONG></CENTER>]]></Details>
<Time><![CDATA[14-12-2023 - 22:17:13]]></Time>
<TimeTick>1702572433</TimeTick>
<NodeArgs eType="General" icon="4" nRep="69" >
<Disp><![CDATA[Service: Reg Find]]></Disp>
</NodeArgs>
</Step>
<Step rID="T60">
<Obj plainTxt="False" ><![CDATA[Service: Reg Save Param Json]]></Obj>
<Details plainTxt="False" ><![CDATA[<CENTER>ParamName = <STRONG><FONT COLOR=#00AF00>LR_id</FONT></STRONG><BR>QueryString = <STRONG><FONT COLOR=#00AF00>$.id</FONT></STRONG></CENTER>]]></Details>
<Time><![CDATA[14-12-2023 - 22:17:13]]></Time>
<TimeTick>1702572433</TimeTick>
<NodeArgs eType="General" icon="5" nRep="70" >
<Disp><![CDATA[Service: Reg Save Param Json]]></Disp>
</NodeArgs>
</Step>
<Step rID="T61">
<Obj plainTxt="False" ><![CDATA[Service: Reg Save Param Json]]></Obj>
<Details plainTxt="False" ><![CDATA[<CENTER>ParamName = <STRONG><FONT COLOR=#00AF00>LR_title</FONT></STRONG><BR>QueryString = <STRONG><FONT COLOR=#00AF00>$.title</FONT></STRONG></CENTER>]]></Details>
<Time><![CDATA[14-12-2023 - 22:17:13]]></Time>
<TimeTick>1702572433</TimeTick>
<NodeArgs eType="General" icon="5" nRep="71" >
<Disp><![CDATA[Service: Reg Save Param Json]]></Disp>
</NodeArgs>
</Step>
<Step rID="T62">
<Obj plainTxt="False" ><![CDATA[Service: Reg Save Param Json]]></Obj>
<Details plainTxt="False" ><![CDATA[<CENTER>ParamName = <STRONG><FONT COLOR=#00AF00>LR_thumbnail</FONT></STRONG><BR>QueryString = <STRONG><FONT COLOR=#00AF00>$.thumbnail</FONT></STRONG></CENTER>]]></Details>
<Time><![CDATA[14-12-2023 - 22:17:13]]></Time>
<TimeTick>1702572433</TimeTick>
<NodeArgs eType="General" icon="5" nRep="72" >
<Disp><![CDATA[Service: Reg Save Param Json]]></Disp>
</NodeArgs>
</Step>
<Step rID="T63">
<Obj plainTxt="False" ><![CDATA[Service: Reg Save Param Json]]></Obj>
<Details plainTxt="False" ><![CDATA[<CENTER>ParamName = <STRONG><FONT COLOR=#00AF00>LR_status</FONT></STRONG><BR>QueryString = <STRONG><FONT COLOR=#00AF00>$.status</FONT></STRONG></CENTER>]]></Details>
<Time><![CDATA[14-12-2023 - 22:17:13]]></Time>
<TimeTick>1702572433</TimeTick>
<NodeArgs eType="General" icon="5" nRep="73" >
<Disp><![CDATA[Service: Reg Save Param Json]]></Disp>
</NodeArgs>
</Step>
<Step rID="T64">
<Obj plainTxt="False" ><![CDATA[Service: Reg Save Param Json]]></Obj>
<Details plainTxt="False" ><![CDATA[<CENTER>ParamName = <STRONG><FONT COLOR=#00AF00>LR_short_description</FONT></STRONG><BR>QueryString = <STRONG><FONT COLOR=#00AF00>$.short_description</FONT></STRONG></CENTER>]]></Details>
<Time><![CDATA[14-12-2023 - 22:17:13]]></Time>
<TimeTick>1702572433</TimeTick>
<NodeArgs eType="General" icon="5" nRep="74" >
<Disp><![CDATA[Service: Reg Save Param Json]]></Disp>
</NodeArgs>
</Step>
<Step rID="T65">
<Obj plainTxt="False" ><![CDATA[Service: Reg Save Param Json]]></Obj>
<Details plainTxt="False" ><![CDATA[<CENTER>ParamName = <STRONG><FONT COLOR=#00AF00>LR_description</FONT></STRONG><BR>QueryString = <STRONG><FONT COLOR=#00AF00>$.description</FONT></STRONG></CENTER>]]></Details>
<Time><![CDATA[14-12-2023 - 22:17:13]]></Time>
<TimeTick>1702572433</TimeTick>
<NodeArgs eType="General" icon="5" nRep="75" >
<Disp><![CDATA[Service: Reg Save Param Json]]></Disp>
</NodeArgs>
</Step>
<Step rID="T66">
<Obj plainTxt="False" ><![CDATA[Service: Reg Save Param Json]]></Obj>
<Details plainTxt="False" ><![CDATA[<CENTER>ParamName = <STRONG><FONT COLOR=#00AF00>LR_game_url</FONT></STRONG><BR>QueryString = <STRONG><FONT COLOR=#00AF00>$.game_url</FONT></STRONG></CENTER>]]></Details>
<Time><![CDATA[14-12-2023 - 22:17:13]]></Time>
<TimeTick>1702572433</TimeTick>
<NodeArgs eType="General" icon="5" nRep="76" >
<Disp><![CDATA[Service: Reg Save Param Json]]></Disp>
</NodeArgs>
</Step>
<Step rID="T67">
<Obj plainTxt="False" ><![CDATA[Service: Reg Save Param Json]]></Obj>
<Details plainTxt="False" ><![CDATA[<CENTER>ParamName = <STRONG><FONT COLOR=#00AF00>LR_genre</FONT></STRONG><BR>QueryString = <STRONG><FONT COLOR=#00AF00>$.genre</FONT></STRONG></CENTER>]]></Details>
<Time><![CDATA[14-12-2023 - 22:17:13]]></Time>
<TimeTick>1702572433</TimeTick>
<NodeArgs eType="General" icon="5" nRep="77" >
<Disp><![CDATA[Service: Reg Save Param Json]]></Disp>
</NodeArgs>
</Step>
<Step rID="T68">
<Obj plainTxt="False" ><![CDATA[Service: Reg Save Param Json]]></Obj>
<Details plainTxt="False" ><![CDATA[<CENTER>ParamName = <STRONG><FONT COLOR=#00AF00>LR_platform</FONT></STRONG><BR>QueryString = <STRONG><FONT COLOR=#00AF00>$.platform</FONT></STRONG></CENTER>]]></Details>
<Time><![CDATA[14-12-2023 - 22:17:13]]></Time>
<TimeTick>1702572433</TimeTick>
<NodeArgs eType="General" icon="5" nRep="78" >
<Disp><![CDATA[Service: Reg Save Param Json]]></Disp>
</NodeArgs>
</Step>
<Step rID="T69">
<Obj plainTxt="False" ><![CDATA[Service: Reg Save Param Json]]></Obj>
<Details plainTxt="False" ><![CDATA[<CENTER>ParamName = <STRONG><FONT COLOR=#00AF00>LR_publisher</FONT></STRONG><BR>QueryString = <STRONG><FONT COLOR=#00AF00>$.publisher</FONT></STRONG></CENTER>]]></Details>
<Time><![CDATA[14-12-2023 - 22:17:13]]></Time>
<TimeTick>1702572433</TimeTick>
<NodeArgs eType="General" icon="5" nRep="79" >
<Disp><![CDATA[Service: Reg Save Param Json]]></Disp>
</NodeArgs>
</Step>
<Step rID="T70">
<Obj plainTxt="False" ><![CDATA[Service: Reg Save Param Json]]></Obj>
<Details plainTxt="False" ><![CDATA[<CENTER>ParamName = <STRONG><FONT COLOR=#00AF00>LR_developer</FONT></STRONG><BR>QueryString = <STRONG><FONT COLOR=#00AF00>$.developer</FONT></STRONG></CENTER>]]></Details>
<Time><![CDATA[14-12-2023 - 22:17:13]]></Time>
<TimeTick>1702572433</TimeTick>
<NodeArgs eType="General" icon="5" nRep="80" >
<Disp><![CDATA[Service: Reg Save Param Json]]></Disp>
</NodeArgs>
</Step>
<Step rID="T71">
<Obj plainTxt="False" ><![CDATA[Service: Reg Save Param Json]]></Obj>
<Details plainTxt="False" ><![CDATA[<CENTER>ParamName = <STRONG><FONT COLOR=#00AF00>LR_release_date</FONT></STRONG><BR>QueryString = <STRONG><FONT COLOR=#00AF00>$.release_date</FONT></STRONG></CENTER>]]></Details>
<Time><![CDATA[14-12-2023 - 22:17:13]]></Time>
<TimeTick>1702572433</TimeTick>
<NodeArgs eType="General" icon="5" nRep="81" >
<Disp><![CDATA[Service: Reg Save Param Json]]></Disp>
</NodeArgs>
</Step>
<Step rID="T72">
<Obj plainTxt="False" ><![CDATA[Service: Reg Save Param Json]]></Obj>
<Details plainTxt="False" ><![CDATA[<CENTER>ParamName = <STRONG><FONT COLOR=#00AF00>LR_freetogame_profile_url</FONT></STRONG><BR>QueryString = <STRONG><FONT COLOR=#00AF00>$.freetogame_profile_url</FONT></STRONG></CENTER>]]></Details>
<Time><![CDATA[14-12-2023 - 22:17:13]]></Time>
<TimeTick>1702572433</TimeTick>
<NodeArgs eType="General" icon="5" nRep="82" >
<Disp><![CDATA[Service: Reg Save Param Json]]></Disp>
</NodeArgs>
</Step>
<Step rID="T73">
<Obj plainTxt="False" ><![CDATA[Service: Reg Save Param Json]]></Obj>
<Details plainTxt="False" ><![CDATA[<CENTER>ParamName = <STRONG><FONT COLOR=#00AF00>LR_screenshots</FONT></STRONG><BR>QueryString = <STRONG><FONT COLOR=#00AF00>$.screenshots</FONT></STRONG></CENTER>]]></Details>
<Time><![CDATA[14-12-2023 - 22:17:13]]></Time>
<TimeTick>1702572433</TimeTick>
<NodeArgs eType="General" icon="5" nRep="83" >
<Disp><![CDATA[Service: Reg Save Param Json]]></Disp>
</NodeArgs>
</Step>
<Step rID="T74">
<Obj plainTxt="False" ><![CDATA[Custom Request: freetogame]]></Obj>
<Details plainTxt="False" ><![CDATA[<CENTER><STRONG><FONT COLOR=#009A63>Step completed successfully</FONT></STRONG></CENTER>]]></Details>
<Time><![CDATA[14-12-2023 - 22:17:13]]></Time>
<TimeTick>1702572433</TimeTick>
<NodeArgs eType="General" icon="6" nRep="84" status="Passed" >
<Disp><![CDATA[Custom Request: freetogame]]></Disp>
<BtmPane vType="HTMLSNSH" >
<Path><![CDATA[\Iteration4\t15.inf]]></Path>
</BtmPane>
</NodeArgs>
</Step>
<Summary sTime="14-12-2023 - 22:17:13" eTime="14-12-2023 - 22:17:13" passed="1" failed="0" warnings="0" ></Summary>
<NodeArgs eType="StartAction" icon="2" nRep="68" status="Passed" >
<Disp><![CDATA[Action Summary]]></Disp>
</NodeArgs>
</Action>
<NodeArgs eType="StartIteration" icon="3" nRep="67" status="Passed" >
<Disp><![CDATA[WebHttpHtml67 Iteration 4 (Row 4)]]></Disp>
</NodeArgs>
</DIter>
<DIter rID="T75" iterID="5" >
<Action rID="T76">
<AName><![CDATA[Action]]></AName>
<Step rID="T77">
<Obj plainTxt="False" ><![CDATA[Service: Reg Find]]></Obj>
<Details plainTxt="False" ><![CDATA[<CENTER><STRONG><FONT COLOR=#00AF00>Text/IC=status</FONT></STRONG></CENTER>]]></Details>
<Time><![CDATA[14-12-2023 - 22:17:13]]></Time>
<TimeTick>1702572433</TimeTick>
<NodeArgs eType="General" icon="4" nRep="89" >
<Disp><![CDATA[Service: Reg Find]]></Disp>
</NodeArgs>
</Step>
<Step rID="T78">
<Obj plainTxt="False" ><![CDATA[Service: Reg Save Param Json]]></Obj>
<Details plainTxt="False" ><![CDATA[<CENTER>ParamName = <STRONG><FONT COLOR=#00AF00>LR_id</FONT></STRONG><BR>QueryString = <STRONG><FONT COLOR=#00AF00>$.id</FONT></STRONG></CENTER>]]></Details>
<Time><![CDATA[14-12-2023 - 22:17:13]]></Time>
<TimeTick>1702572433</TimeTick>
<NodeArgs eType="General" icon="5" nRep="90" >
<Disp><![CDATA[Service: Reg Save Param Json]]></Disp>
</NodeArgs>
</Step>
<Step rID="T79">
<Obj plainTxt="False" ><![CDATA[Service: Reg Save Param Json]]></Obj>
<Details plainTxt="False" ><![CDATA[<CENTER>ParamName = <STRONG><FONT COLOR=#00AF00>LR_title</FONT></STRONG><BR>QueryString = <STRONG><FONT COLOR=#00AF00>$.title</FONT></STRONG></CENTER>]]></Details>
<Time><![CDATA[14-12-2023 - 22:17:13]]></Time>
<TimeTick>1702572433</TimeTick>
<NodeArgs eType="General" icon="5" nRep="91" >
<Disp><![CDATA[Service: Reg Save Param Json]]></Disp>
</NodeArgs>
</Step>
<Step rID="T80">
<Obj plainTxt="False" ><![CDATA[Service: Reg Save Param Json]]></Obj>
<Details plainTxt="False" ><![CDATA[<CENTER>ParamName = <STRONG><FONT COLOR=#00AF00>LR_thumbnail</FONT></STRONG><BR>QueryString = <STRONG><FONT COLOR=#00AF00>$.thumbnail</FONT></STRONG></CENTER>]]></Details>
<Time><![CDATA[14-12-2023 - 22:17:13]]></Time>
<TimeTick>1702572433</TimeTick>
<NodeArgs eType="General" icon="5" nRep="92" >
<Disp><![CDATA[Service: Reg Save Param Json]]></Disp>
</NodeArgs>
</Step>
<Step rID="T81">
<Obj plainTxt="False" ><![CDATA[Service: Reg Save Param Json]]></Obj>
<Details plainTxt="False" ><![CDATA[<CENTER>ParamName = <STRONG><FONT COLOR=#00AF00>LR_status</FONT></STRONG><BR>QueryString = <STRONG><FONT COLOR=#00AF00>$.status</FONT></STRONG></CENTER>]]></Details>
<Time><![CDATA[14-12-2023 - 22:17:13]]></Time>
<TimeTick>1702572433</TimeTick>
<NodeArgs eType="General" icon="5" nRep="93" >
<Disp><![CDATA[Service: Reg Save Param Json]]></Disp>
</NodeArgs>
</Step>
<Step rID="T82">
<Obj plainTxt="False" ><![CDATA[Service: Reg Save Param Json]]></Obj>
<Details plainTxt="False" ><![CDATA[<CENTER>ParamName = <STRONG><FONT COLOR=#00AF00>LR_short_description</FONT></STRONG><BR>QueryString = <STRONG><FONT COLOR=#00AF00>$.short_description</FONT></STRONG></CENTER>]]></Details>
<Time><![CDATA[14-12-2023 - 22:17:13]]></Time>
<TimeTick>1702572433</TimeTick>
<NodeArgs eType="General" icon="5" nRep="94" >
<Disp><![CDATA[Service: Reg Save Param Json]]></Disp>
</NodeArgs>
</Step>
<Step rID="T83">
<Obj plainTxt="False" ><![CDATA[Service: Reg Save Param Json]]></Obj>
<Details plainTxt="False" ><![CDATA[<CENTER>ParamName = <STRONG><FONT COLOR=#00AF00>LR_description</FONT></STRONG><BR>QueryString = <STRONG><FONT COLOR=#00AF00>$.description</FONT></STRONG></CENTER>]]></Details>
<Time><![CDATA[14-12-2023 - 22:17:13]]></Time>
<TimeTick>1702572433</TimeTick>
<NodeArgs eType="General" icon="5" nRep="95" >
<Disp><![CDATA[Service: Reg Save Param Json]]></Disp>
</NodeArgs>
</Step>
<Step rID="T84">
<Obj plainTxt="False" ><![CDATA[Service: Reg Save Param Json]]></Obj>
<Details plainTxt="False" ><![CDATA[<CENTER>ParamName = <STRONG><FONT COLOR=#00AF00>LR_game_url</FONT></STRONG><BR>QueryString = <STRONG><FONT COLOR=#00AF00>$.game_url</FONT></STRONG></CENTER>]]></Details>
<Time><![CDATA[14-12-2023 - 22:17:13]]></Time>
<TimeTick>1702572433</TimeTick>
<NodeArgs eType="General" icon="5" nRep="96" >
<Disp><![CDATA[Service: Reg Save Param Json]]></Disp>
</NodeArgs>
</Step>
<Step rID="T85">
<Obj plainTxt="False" ><![CDATA[Service: Reg Save Param Json]]></Obj>
<Details plainTxt="False" ><![CDATA[<CENTER>ParamName = <STRONG><FONT COLOR=#00AF00>LR_genre</FONT></STRONG><BR>QueryString = <STRONG><FONT COLOR=#00AF00>$.genre</FONT></STRONG></CENTER>]]></Details>
<Time><![CDATA[14-12-2023 - 22:17:13]]></Time>
<TimeTick>1702572433</TimeTick>
<NodeArgs eType="General" icon="5" nRep="97" >
<Disp><![CDATA[Service: Reg Save Param Json]]></Disp>
</NodeArgs>
</Step>
<Step rID="T86">
<Obj plainTxt="False" ><![CDATA[Service: Reg Save Param Json]]></Obj>
<Details plainTxt="False" ><![CDATA[<CENTER>ParamName = <STRONG><FONT COLOR=#00AF00>LR_platform</FONT></STRONG><BR>QueryString = <STRONG><FONT COLOR=#00AF00>$.platform</FONT></STRONG></CENTER>]]></Details>
<Time><![CDATA[14-12-2023 - 22:17:13]]></Time>
<TimeTick>1702572433</TimeTick>
<NodeArgs eType="General" icon="5" nRep="98" >
<Disp><![CDATA[Service: Reg Save Param Json]]></Disp>
</NodeArgs>
</Step>
<Step rID="T87">
<Obj plainTxt="False" ><![CDATA[Service: Reg Save Param Json]]></Obj>
<Details plainTxt="False" ><![CDATA[<CENTER>ParamName = <STRONG><FONT COLOR=#00AF00>LR_publisher</FONT></STRONG><BR>QueryString = <STRONG><FONT COLOR=#00AF00>$.publisher</FONT></STRONG></CENTER>]]></Details>
<Time><![CDATA[14-12-2023 - 22:17:13]]></Time>
<TimeTick>1702572433</TimeTick>
<NodeArgs eType="General" icon="5" nRep="99" >
<Disp><![CDATA[Service: Reg Save Param Json]]></Disp>
</NodeArgs>
</Step>
<Step rID="T88">
<Obj plainTxt="False" ><![CDATA[Service: Reg Save Param Json]]></Obj>
<Details plainTxt="False" ><![CDATA[<CENTER>ParamName = <STRONG><FONT COLOR=#00AF00>LR_developer</FONT></STRONG><BR>QueryString = <STRONG><FONT COLOR=#00AF00>$.developer</FONT></STRONG></CENTER>]]></Details>
<Time><![CDATA[14-12-2023 - 22:17:13]]></Time>
<TimeTick>1702572433</TimeTick>
<NodeArgs eType="General" icon="5" nRep="100" >
<Disp><![CDATA[Service: Reg Save Param Json]]></Disp>
</NodeArgs>
</Step>
<Step rID="T89">
<Obj plainTxt="False" ><![CDATA[Service: Reg Save Param Json]]></Obj>
<Details plainTxt="False" ><![CDATA[<CENTER>ParamName = <STRONG><FONT COLOR=#00AF00>LR_release_date</FONT></STRONG><BR>QueryString = <STRONG><FONT COLOR=#00AF00>$.release_date</FONT></STRONG></CENTER>]]></Details>
<Time><![CDATA[14-12-2023 - 22:17:13]]></Time>
<TimeTick>1702572433</TimeTick>
<NodeArgs eType="General" icon="5" nRep="101" >
<Disp><![CDATA[Service: Reg Save Param Json]]></Disp>
</NodeArgs>
</Step>
<Step rID="T90">
<Obj plainTxt="False" ><![CDATA[Service: Reg Save Param Json]]></Obj>
<Details plainTxt="False" ><![CDATA[<CENTER>ParamName = <STRONG><FONT COLOR=#00AF00>LR_freetogame_profile_url</FONT></STRONG><BR>QueryString = <STRONG><FONT COLOR=#00AF00>$.freetogame_profile_url</FONT></STRONG></CENTER>]]></Details>
<Time><![CDATA[14-12-2023 - 22:17:13]]></Time>
<TimeTick>1702572433</TimeTick>
<NodeArgs eType="General" icon="5" nRep="102" >
<Disp><![CDATA[Service: Reg Save Param Json]]></Disp>
</NodeArgs>
</Step>
<Step rID="T91">
<Obj plainTxt="False" ><![CDATA[Service: Reg Save Param Json]]></Obj>
<Details plainTxt="False" ><![CDATA[<CENTER>ParamName = <STRONG><FONT COLOR=#00AF00>LR_screenshots</FONT></STRONG><BR>QueryString = <STRONG><FONT COLOR=#00AF00>$.screenshots</FONT></STRONG></CENTER>]]></Details>
<Time><![CDATA[14-12-2023 - 22:17:13]]></Time>
<TimeTick>1702572433</TimeTick>
<NodeArgs eType="General" icon="5" nRep="103" >
<Disp><![CDATA[Service: Reg Save Param Json]]></Disp>
</NodeArgs>
</Step>
<Step rID="T92">
<Obj plainTxt="False" ><![CDATA[Custom Request: freetogame]]></Obj>
<Details plainTxt="False" ><![CDATA[<CENTER><STRONG><FONT COLOR=#009A63>Step completed successfully</FONT></STRONG></CENTER>]]></Details>
<Time><![CDATA[14-12-2023 - 22:17:14]]></Time>
<TimeTick>1702572434</TimeTick>
<NodeArgs eType="General" icon="6" nRep="104" status="Passed" >
<Disp><![CDATA[Custom Request: freetogame]]></Disp>
<BtmPane vType="HTMLSNSH" >
<Path><![CDATA[\Iteration5\t15.inf]]></Path>
</BtmPane>
</NodeArgs>
</Step>
<Summary sTime="14-12-2023 - 22:17:13" eTime="14-12-2023 - 22:17:14" passed="1" failed="0" warnings="0" ></Summary>
<NodeArgs eType="StartAction" icon="2" nRep="88" status="Passed" >
<Disp><![CDATA[Action Summary]]></Disp>
</NodeArgs>
</Action>
<NodeArgs eType="StartIteration" icon="3" nRep="87" status="Passed" >
<Disp><![CDATA[WebHttpHtml67 Iteration 5 (Row 5)]]></Disp>
</NodeArgs>
</DIter>
<Action rID="T93">
<AName><![CDATA[vuser_end]]></AName>
<Summary sTime="14-12-2023 - 22:17:14" eTime="14-12-2023 - 22:17:14" passed="0" failed="0" warnings="0" ></Summary>
<NodeArgs eType="StartAction" icon="2" nRep="107" >
<Disp><![CDATA[vuser_end Summary]]></Disp>
</NodeArgs>
</Action>
<Summary sTime="14-12-2023 - 22:17:10" eTime="14-12-2023 - 22:17:14" passed="5" failed="0" warnings="0" ></Summary>
<NodeArgs eType="StartTest" icon="1" nRep="4" status="Passed" >
<Disp><![CDATA[Test WebHttpHtml67 Summary]]></Disp>
</NodeArgs>
</Doc>
</Report>