[
    {
        "actionName": "Action",
        "steps": [
            {
                "stepId": "STEP1",
                "stepName": "Custom Request: freetogame",
                "infFile": "t15.inf",
                "time": 1702572432044
            }
        ],
        "transactions": [
            {
                "transactionName": "GET_freetogame",
                "rawStartTime": 1702572430069,
                "rawEndTime": 1702572432059,
                "thinkTime": 0.0,
                "wastedTime": 0.1298365592956543
            }
        ]
    }
]