{"id":450,"title":"Battlerite Royale","thumbnail":"https:\/\/www.freetogame.com\/g\/450\/thumbnail.jpg","status":"Live","short_description":"A free to play battle royale set in the Battlerite universe.","description":"Battle Royale meets MOBA in Stunlock Studio\u2019s Battlerite Royale. Team up with friends, or go in on your own and fight to the last man standing on a map 30X the size of the maps in the original Battlerite game. Use spells, potions, traps, and more to keep yourself alive and eliminate your foes. And be smart about it.\r\n\r\nPlayers can choose from over 20 champions to play as, ranging from cute little magical creatures to big tanky monsters \u2014 and everything in between. As is standard with battle royales, you will have to deal with a shrinking land mass \u2014 this time because of the Death Vortex. But don\u2019t worry, you can get away faster if you use use your loyal mount.","game_url":"https:\/\/www.freetogame.com\/open\/battlerite-royale","genre":"MOBA","platform":"Windows","publisher":"Stunlock Studios","developer":"Stunlock Studios","release_date":"2018-09-26","freetogame_profile_url":"https:\/\/www.freetogame.com\/battlerite-royale","minimum_system_requirements":{"os":"Windows XP or newer","processor":"Dual Core from Intel or AMD at 2.8 GHz","memory":"4 GB RAM","graphics":"Intel HD 3000","storage":"3 GB available space"},"screenshots":[{"id":1117,"image":"https:\/\/www.freetogame.com\/g\/450\/Battlerite_Royale-1.jpg"},{"id":1118,"image":"https:\/\/www.freetogame.com\/g\/450\/Battlerite_Royale-2.jpg"},{"id":1119,"image":"https:\/\/www.freetogame.com\/g\/450\/Battlerite_Royale-3.jpg"},{"id":1120,"image":"https:\/\/www.freetogame.com\/g\/450\/Battlerite_Royale-4.jpg"}]}