[
    {
        "actionName": "Action",
        "steps": [
            {
                "stepId": "STEP2",
                "stepName": "Custom Request: freetogame",
                "infFile": "t15.inf",
                "time": 1702572432532
            }
        ],
        "transactions": [
            {
                "transactionName": "GET_freetogame",
                "rawStartTime": 1702572432106,
                "rawEndTime": 1702572432537,
                "thinkTime": 0.0,
                "wastedTime": 0.046166181564331058
            }
        ]
    }
]